step,sample,layer,op,in_shape,out_shape,in_level,in_noise,in_deg2,in_slots,out_level,out_noise,out_deg2,out_slots,pooled_mb,in_use_mb,driver_free_mb,elapsed_ms
0,0,0,dropLevel_tokens,1x1,1x1,4,1,0,16384,4,1,0,16384,11293,10997.2,20720.5,0
1,0,0,PCMM_K,1x1,1x1,4,1,0,16384,1,1,0,16384,12317,11539.8,19688.5,20
2,0,0,PCMM_Q,1x1,1x1,4,1,0,16384,1,1,0,16384,12317,11552.8,19688.5,12
3,0,0,PCMM_V,1x1,1x1,4,1,0,16384,1,1,0,16384,12317,11565.8,19688.5,12
4,0,0,Boot_Q,1x1,1x1,9,2,0,16384,9,2,0,16384,12317,12048.9,19686.5,526
5,0,0,Boot_K,1x1,1x1,9,2,0,16384,9,2,0,16384,12317,12085.9,19686.5,13
6,0,0,Boot_V,1x1,1x1,9,2,0,16384,9,2,0,16384,12317,12106.9,19686.5,13
7,0,0,CCMM_QKT1,1x1,1x1,5,2,0,16384,2,2,0,16384,13341,12461.4,18662.5,21
8,0,0,CCMM_QKT2,1x1,1x1,5,2,0,16384,2,2,0,16384,13341,12631.4,18662.5,19
9,0,0,Boot_QKT1_pre_softmax,1x1,1x1,9,2,0,16384,9,2,0,16384,13341,12753,18662.5,13
10,0,0,Softmax_QKT1,1x1,1x1,9,2,0,16384,9,2,0,16384,13341,12784,18662.5,319
11,0,0,Boot_QKT2_pre_softmax,1x1,1x1,9,2,0,16384,9,2,0,16384,13341,12793,18662.5,13
12,0,0,Softmax_QKT2,1x1,1x1,9,2,0,16384,9,2,0,16384,13341,12786,18662.5,316
13,0,0,CCMM_Sm_V1,1x1,1x1,5,2,0,16384,2,2,0,16384,13341,12814,18662.5,17
14,0,0,CCMM_Sm_V2,1x1,1x1,5,2,0,16384,2,2,0,16384,13341,12837,18662.5,17
15,0,0,Boot_Sm_V,1x1,1x1,9,2,0,16384,9,2,0,16384,13341,12906.5,18662.5,13
16,0,0,PCMM_Output,1x1,1x1,4,1,0,16384,1,1,0,16384,13341,12906.5,18662.5,11
17,0,0,Residual_Add1,1x1,1x1,1,1,0,16384,1,1,0,16384,13341,12906.5,18662.5,0
18,0,0,Boot_Residual1,1x1,1x1,9,2,0,16384,9,2,0,16384,13341,13064.5,18662.5,14
19,0,0,LayerNorm1,1x1,1x1,2,2,0,16384,2,2,0,16384,13341,13049.5,18662.5,55
20,0,0,Boot_LN1,1x1,1x1,9,2,0,16384,9,2,0,16384,13341,13065.5,18662.5,14
21,0,0,PCMM_Up,1x1,1x4,4,1,0,16384,1,1,0,16384,13341,13065.5,18662.5,79
22,0,0,Boot_pre_GELU,1x4,1x4,9,2,0,16384,9,2,0,16384,13341,13129.5,18662.5,72
23,0,0,GELU,1x4,1x4,9,2,0,16384,9,2,0,16384,13341,13129.5,18662.5,169
24,0,0,PCMM_Down,1x4,1x1,4,1,0,16384,1,1,0,16384,13341,13129.5,18662.5,60
25,0,0,Residual_Add2,1x1,1x1,1,1,0,16384,1,1,0,16384,13341,13129.5,18662.5,0
26,0,0,Boot_pre_LN2,1x1,1x1,9,2,0,16384,9,2,0,16384,13341,13170.5,18662.5,12
27,0,0,LayerNorm2,1x1,1x1,2,2,0,16384,2,2,0,16384,13341,13155.5,18662.5,50
28,0,0,Boot_LN2_final,1x1,1x1,9,2,0,16384,9,2,0,16384,13341,13171.5,18662.5,13
29,0,1,dropLevel_tokens,1x1,1x1,4,1,0,16384,4,1,0,16384,13341,13164.5,18662.5,0
30,0,1,PCMM_K,1x1,1x1,4,1,0,16384,1,1,0,16384,13341,13164.5,18662.5,12
31,0,1,PCMM_Q,1x1,1x1,4,1,0,16384,1,1,0,16384,13341,13164.5,18662.5,11
32,0,1,PCMM_V,1x1,1x1,4,1,0,16384,1,1,0,16384,13341,13164.5,18662.5,11
33,0,1,Boot_Q,1x1,1x1,9,2,0,16384,9,2,0,16384,13341,13164.5,18662.5,12
34,0,1,Boot_K,1x1,1x1,9,2,0,16384,9,2,0,16384,13341,13164.5,18662.5,12
35,0,1,Boot_V,1x1,1x1,9,2,0,16384,9,2,0,16384,13341,13165.5,18662.5,12
36,0,1,CCMM_QKT1,1x1,1x1,5,2,0,16384,2,2,0,16384,13341,13165.5,18662.5,16
37,0,1,CCMM_QKT2,1x1,1x1,5,2,0,16384,2,2,0,16384,13341,13165.5,18662.5,17
38,0,1,Boot_QKT1_pre_softmax,1x1,1x1,9,2,0,16384,9,2,0,16384,13341,13210,18662.5,12
39,0,1,Softmax_QKT1,1x1,1x1,9,2,0,16384,9,2,0,16384,13341,13203,18662.5,336
40,0,1,Boot_QKT2_pre_softmax,1x1,1x1,9,2,0,16384,9,2,0,16384,13341,13212,18662.5,13
41,0,1,Softmax_QKT2,1x1,1x1,9,2,0,16384,9,2,0,16384,13341,13205,18662.5,327
42,0,1,CCMM_Sm_V1,1x1,1x1,5,2,0,16384,2,2,0,16384,13341,13205,18662.5,17
43,0,1,CCMM_Sm_V2,1x1,1x1,5,2,0,16384,2,2,0,16384,13341,13205,18662.5,18
44,0,1,Boot_Sm_V,1x1,1x1,9,2,0,16384,9,2,0,16384,13341,13257.5,18662.5,12
45,0,1,PCMM_Output,1x1,1x1,4,1,0,16384,1,1,0,16384,13341,13257.5,18662.5,11
46,0,1,Residual_Add1,1x1,1x1,1,1,0,16384,1,1,0,16384,13341,13257.5,18662.5,0
47,0,1,Boot_Residual1,1x1,1x1,9,2,0,16384,9,2,0,16384,13341,13260.5,18662.5,12
48,0,1,LayerNorm1,1x1,1x1,2,2,0,16384,2,2,0,16384,13341,13245.5,18662.5,50
49,0,1,Boot_LN1,1x1,1x1,9,2,0,16384,9,2,0,16384,13341,13261.5,18662.5,13
50,0,1,PCMM_Up,1x1,1x4,4,1,0,16384,1,1,0,16384,13341,13261.5,18662.5,79
51,0,1,Boot_pre_GELU,1x4,1x4,9,2,0,16384,9,2,0,16384,13341,13261.5,18662.5,76
52,0,1,GELU,1x4,1x4,9,2,0,16384,9,2,0,16384,13341,13261.5,18662.5,178
53,0,1,PCMM_Down,1x4,1x1,4,1,0,16384,1,1,0,16384,13341,13261.5,18662.5,81
54,0,1,Residual_Add2,1x1,1x1,1,1,0,16384,1,1,0,16384,13341,13261.5,18662.5,0
55,0,1,Boot_pre_LN2,1x1,1x1,9,2,0,16384,9,2,0,16384,13341,13262.5,18662.5,12
56,0,1,LayerNorm2,1x1,1x1,2,2,0,16384,2,2,0,16384,13341,13247.5,18662.5,59
57,0,1,Boot_LN2_final,1x1,1x1,9,2,0,16384,9,2,0,16384,13341,13263.5,18662.5,12
58,1,0,dropLevel_tokens,1x1,1x1,4,1,0,16384,4,1,0,16384,13341,13240.5,18662.5,0
59,1,0,PCMM_K,1x1,1x1,4,1,0,16384,1,1,0,16384,13341,13248.5,18662.5,12
60,1,0,PCMM_Q,1x1,1x1,4,1,0,16384,1,1,0,16384,13341,13248.5,18662.5,12
61,1,0,PCMM_V,1x1,1x1,4,1,0,16384,1,1,0,16384,13341,13248.5,18662.5,11
62,1,0,Boot_Q,1x1,1x1,9,2,0,16384,9,2,0,16384,13341,13249.5,18662.5,12
63,1,0,Boot_K,1x1,1x1,9,2,0,16384,9,2,0,16384,13341,13249.5,18662.5,12
64,1,0,Boot_V,1x1,1x1,9,2,0,16384,9,2,0,16384,13341,13250.5,18662.5,12
65,1,0,CCMM_QKT1,1x1,1x1,5,2,0,16384,2,2,0,16384,13341,13250.5,18662.5,17
66,1,0,CCMM_QKT2,1x1,1x1,5,2,0,16384,2,2,0,16384,13341,13250.5,18662.5,18
67,1,0,Boot_QKT1_pre_softmax,1x1,1x1,9,2,0,16384,9,2,0,16384,13341,13294,18662.5,12
68,1,0,Softmax_QKT1,1x1,1x1,9,2,0,16384,9,2,0,16384,13341,13286,18662.5,324
69,1,0,Boot_QKT2_pre_softmax,1x1,1x1,9,2,0,16384,9,2,0,16384,13341,13294,18662.5,12
70,1,0,Softmax_QKT2,1x1,1x1,9,2,0,16384,9,2,0,16384,13341,13286,18662.5,327
71,1,0,CCMM_Sm_V1,1x1,1x1,5,2,0,16384,2,2,0,16384,13341,13286,18662.5,16
72,1,0,CCMM_Sm_V2,1x1,1x1,5,2,0,16384,2,2,0,16384,13341,13286,18662.5,18
73,1,0,Boot_Sm_V,1x1,1x1,9,2,0,16384,9,2,0,16384,14365,13346.5,17638.5,13
74,1,0,PCMM_Output,1x1,1x1,4,1,0,16384,1,1,0,16384,14365,13346.5,17638.5,11
75,1,0,Residual_Add1,1x1,1x1,1,1,0,16384,1,1,0,16384,14365,13346.5,17638.5,0
76,1,0,Boot_Residual1,1x1,1x1,9,2,0,16384,9,2,0,16384,14365,13346.5,17638.5,12
77,1,0,LayerNorm1,1x1,1x1,2,2,0,16384,2,2,0,16384,14365,13330.5,17638.5,56
78,1,0,Boot_LN1,1x1,1x1,9,2,0,16384,9,2,0,16384,14365,13346.5,17638.5,12
79,1,0,PCMM_Up,1x1,1x4,4,1,0,16384,1,1,0,16384,14365,13346.5,17638.5,73
80,1,0,Boot_pre_GELU,1x4,1x4,9,2,0,16384,9,2,0,16384,14365,13346.5,17638.5,64
81,1,0,GELU,1x4,1x4,9,2,0,16384,9,2,0,16384,14365,13346.5,17638.5,172
82,1,0,PCMM_Down,1x4,1x1,4,1,0,16384,1,1,0,16384,14365,13346.5,17638.5,78
83,1,0,Residual_Add2,1x1,1x1,1,1,0,16384,1,1,0,16384,14365,13346.5,17638.5,0
84,1,0,Boot_pre_LN2,1x1,1x1,9,2,0,16384,9,2,0,16384,14365,13347.5,17638.5,11
85,1,0,LayerNorm2,1x1,1x1,2,2,0,16384,2,2,0,16384,14365,13332.5,17638.5,59
86,1,0,Boot_LN2_final,1x1,1x1,9,2,0,16384,9,2,0,16384,14365,13348.5,17638.5,12
87,1,1,dropLevel_tokens,1x1,1x1,4,1,0,16384,4,1,0,16384,14365,13341.5,17638.5,0
88,1,1,PCMM_K,1x1,1x1,4,1,0,16384,1,1,0,16384,14365,13341.5,17638.5,12
89,1,1,PCMM_Q,1x1,1x1,4,1,0,16384,1,1,0,16384,14365,13341.5,17638.5,11
90,1,1,PCMM_V,1x1,1x1,4,1,0,16384,1,1,0,16384,14365,13341.5,17638.5,11
91,1,1,Boot_Q,1x1,1x1,9,2,0,16384,9,2,0,16384,14365,13341.5,17638.5,12
92,1,1,Boot_K,1x1,1x1,9,2,0,16384,9,2,0,16384,14365,13341.5,17638.5,12
93,1,1,Boot_V,1x1,1x1,9,2,0,16384,9,2,0,16384,14365,13341.5,17638.5,12
94,1,1,CCMM_QKT1,1x1,1x1,5,2,0,16384,2,2,0,16384,14365,13341.5,17638.5,17
95,1,1,CCMM_QKT2,1x1,1x1,5,2,0,16384,2,2,0,16384,14365,13341.5,17638.5,16
96,1,1,Boot_QKT1_pre_softmax,1x1,1x1,9,2,0,16384,9,2,0,16384,14365,13386,17638.5,12
97,1,1,Softmax_QKT1,1x1,1x1,9,2,0,16384,9,2,0,16384,14365,13379,17638.5,321
98,1,1,Boot_QKT2_pre_softmax,1x1,1x1,9,2,0,16384,9,2,0,16384,14365,13388,17638.5,13
99,1,1,Softmax_QKT2,1x1,1x1,9,2,0,16384,9,2,0,16384,14365,13381,17638.5,327
100,1,1,CCMM_Sm_V1,1x1,1x1,5,2,0,16384,2,2,0,16384,14365,13381,17638.5,18
101,1,1,CCMM_Sm_V2,1x1,1x1,5,2,0,16384,2,2,0,16384,14365,13381,17638.5,17
102,1,1,Boot_Sm_V,1x1,1x1,9,2,0,16384,9,2,0,16384,14365,13433.5,17638.5,13
103,1,1,PCMM_Output,1x1,1x1,4,1,0,16384,1,1,0,16384,14365,13433.5,17638.5,12
104,1,1,Residual_Add1,1x1,1x1,1,1,0,16384,1,1,0,16384,14365,13433.5,17638.5,0
105,1,1,Boot_Residual1,1x1,1x1,9,2,0,16384,9,2,0,16384,14365,13433.5,17638.5,13
106,1,1,LayerNorm1,1x1,1x1,2,2,0,16384,2,2,0,16384,14365,13417.5,17638.5,53
107,1,1,Boot_LN1,1x1,1x1,9,2,0,16384,9,2,0,16384,14365,13433.5,17638.5,13
108,1,1,PCMM_Up,1x1,1x4,4,1,0,16384,1,1,0,16384,14365,13433.5,17638.5,110
109,1,1,Boot_pre_GELU,1x4,1x4,9,2,0,16384,9,2,0,16384,14365,13433.5,17638.5,78
110,1,1,GELU,1x4,1x4,9,2,0,16384,9,2,0,16384,14365,13433.5,17638.5,169
111,1,1,PCMM_Down,1x4,1x1,4,1,0,16384,1,1,0,16384,14365,13433.5,17638.5,73
112,1,1,Residual_Add2,1x1,1x1,1,1,0,16384,1,1,0,16384,14365,13433.5,17638.5,0
113,1,1,Boot_pre_LN2,1x1,1x1,9,2,0,16384,9,2,0,16384,14365,13434.5,17638.5,13
114,1,1,LayerNorm2,1x1,1x1,2,2,0,16384,2,2,0,16384,14365,13418.5,17638.5,54
115,1,1,Boot_LN2_final,1x1,1x1,9,2,0,16384,9,2,0,16384,14365,13434.5,17638.5,13
116,2,0,dropLevel_tokens,1x1,1x1,4,1,0,16384,4,1,0,16384,14365,13411.5,17638.5,0
117,2,0,PCMM_K,1x1,1x1,4,1,0,16384,1,1,0,16384,14365,13419.5,17638.5,12
118,2,0,PCMM_Q,1x1,1x1,4,1,0,16384,1,1,0,16384,14365,13419.5,17638.5,12
119,2,0,PCMM_V,1x1,1x1,4,1,0,16384,1,1,0,16384,14365,13419.5,17638.5,12
120,2,0,Boot_Q,1x1,1x1,9,2,0,16384,9,2,0,16384,14365,13419.5,17638.5,12
121,2,0,Boot_K,1x1,1x1,9,2,0,16384,9,2,0,16384,14365,13419.5,17638.5,12
122,2,0,Boot_V,1x1,1x1,9,2,0,16384,9,2,0,16384,14365,13419.5,17638.5,12
123,2,0,CCMM_QKT1,1x1,1x1,5,2,0,16384,2,2,0,16384,14365,13419.5,17638.5,17
124,2,0,CCMM_QKT2,1x1,1x1,5,2,0,16384,2,2,0,16384,14365,13419.5,17638.5,17
125,2,0,Boot_QKT1_pre_softmax,1x1,1x1,9,2,0,16384,9,2,0,16384,14365,13463,17638.5,12
126,2,0,Softmax_QKT1,1x1,1x1,9,2,0,16384,9,2,0,16384,14365,13455,17638.5,333
127,2,0,Boot_QKT2_pre_softmax,1x1,1x1,9,2,0,16384,9,2,0,16384,14365,13463,17638.5,12
128,2,0,Softmax_QKT2,1x1,1x1,9,2,0,16384,9,2,0,16384,14365,13455,17606.5,325
129,2,0,CCMM_Sm_V1,1x1,1x1,5,2,0,16384,2,2,0,16384,14365,13455,17606.5,17
130,2,0,CCMM_Sm_V2,1x1,1x1,5,2,0,16384,2,2,0,16384,14365,13455,17606.5,17
131,2,0,Boot_Sm_V,1x1,1x1,9,2,0,16384,9,2,0,16384,14365,13515.5,17606.5,12
132,2,0,PCMM_Output,1x1,1x1,4,1,0,16384,1,1,0,16384,14365,13515.5,17606.5,12
133,2,0,Residual_Add1,1x1,1x1,1,1,0,16384,1,1,0,16384,14365,13515.5,17606.5,0
134,2,0,Boot_Residual1,1x1,1x1,9,2,0,16384,9,2,0,16384,14365,13515.5,17606.5,12
135,2,0,LayerNorm1,1x1,1x1,2,2,0,16384,2,2,0,16384,14365,13499.5,17606.5,57
136,2,0,Boot_LN1,1x1,1x1,9,2,0,16384,9,2,0,16384,14365,13515.5,17606.5,12
137,2,0,PCMM_Up,1x1,1x4,4,1,0,16384,1,1,0,16384,14365,13515.5,17606.5,77
138,2,0,Boot_pre_GELU,1x4,1x4,9,2,0,16384,9,2,0,16384,14365,13515.5,17606.5,70
139,2,0,GELU,1x4,1x4,9,2,0,16384,9,2,0,16384,14365,13515.5,17606.5,173
140,2,0,PCMM_Down,1x4,1x1,4,1,0,16384,1,1,0,16384,14365,13515.5,17606.5,72
141,2,0,Residual_Add2,1x1,1x1,1,1,0,16384,1,1,0,16384,14365,13515.5,17606.5,0
142,2,0,Boot_pre_LN2,1x1,1x1,9,2,0,16384,9,2,0,16384,14365,13516.5,17606.5,12
143,2,0,LayerNorm2,1x1,1x1,2,2,0,16384,2,2,0,16384,14365,13501.5,17606.5,63
144,2,0,Boot_LN2_final,1x1,1x1,9,2,0,16384,9,2,0,16384,14365,13517.5,17606.5,13
145,2,1,dropLevel_tokens,1x1,1x1,4,1,0,16384,4,1,0,16384,14365,13510.5,17606.5,0
146,2,1,PCMM_K,1x1,1x1,4,1,0,16384,1,1,0,16384,14365,13510.5,17606.5,12
147,2,1,PCMM_Q,1x1,1x1,4,1,0,16384,1,1,0,16384,14365,13510.5,17606.5,12
148,2,1,PCMM_V,1x1,1x1,4,1,0,16384,1,1,0,16384,14365,13510.5,17606.5,12
149,2,1,Boot_Q,1x1,1x1,9,2,0,16384,9,2,0,16384,14365,13510.5,17606.5,12
150,2,1,Boot_K,1x1,1x1,9,2,0,16384,9,2,0,16384,14365,13510.5,17606.5,12
151,2,1,Boot_V,1x1,1x1,9,2,0,16384,9,2,0,16384,14365,13510.5,17606.5,12
152,2,1,CCMM_QKT1,1x1,1x1,5,2,0,16384,2,2,0,16384,14365,13510.5,17606.5,16
153,2,1,CCMM_QKT2,1x1,1x1,5,2,0,16384,2,2,0,16384,14365,13510.5,17606.5,17
154,2,1,Boot_QKT1_pre_softmax,1x1,1x1,9,2,0,16384,9,2,0,16384,14365,13555,17606.5,12
155,2,1,Softmax_QKT1,1x1,1x1,9,2,0,16384,9,2,0,16384,14365,13548,17606.5,324
156,2,1,Boot_QKT2_pre_softmax,1x1,1x1,9,2,0,16384,9,2,0,16384,14365,13557,17606.5,12
157,2,1,Softmax_QKT2,1x1,1x1,9,2,0,16384,9,2,0,16384,14365,13549,17606.5,326
158,2,1,CCMM_Sm_V1,1x1,1x1,5,2,0,16384,2,2,0,16384,14365,13549,17606.5,17
159,2,1,CCMM_Sm_V2,1x1,1x1,5,2,0,16384,2,2,0,16384,14365,13549,17606.5,17
160,2,1,Boot_Sm_V,1x1,1x1,9,2,0,16384,9,2,0,16384,14365,13600.5,17606.5,13
161,2,1,PCMM_Output,1x1,1x1,4,1,0,16384,1,1,0,16384,14365,13600.5,17606.5,11
162,2,1,Residual_Add1,1x1,1x1,1,1,0,16384,1,1,0,16384,14365,13600.5,17606.5,0
163,2,1,Boot_Residual1,1x1,1x1,9,2,0,16384,9,2,0,16384,14365,13600.5,17606.5,12
164,2,1,LayerNorm1,1x1,1x1,2,2,0,16384,2,2,0,16384,14365,13584.5,17606.5,58
165,2,1,Boot_LN1,1x1,1x1,9,2,0,16384,9,2,0,16384,14365,13600.5,17606.5,13
166,2,1,PCMM_Up,1x1,1x4,4,1,0,16384,1,1,0,16384,14365,13600.5,17606.5,97
167,2,1,Boot_pre_GELU,1x4,1x4,9,2,0,16384,9,2,0,16384,14365,13600.5,17606.5,92
168,2,1,GELU,1x4,1x4,9,2,0,16384,9,2,0,16384,14365,13600.5,17606.5,173
169,2,1,PCMM_Down,1x4,1x1,4,1,0,16384,1,1,0,16384,14365,13600.5,17606.5,75
170,2,1,Residual_Add2,1x1,1x1,1,1,0,16384,1,1,0,16384,14365,13600.5,17606.5,0
171,2,1,Boot_pre_LN2,1x1,1x1,9,2,0,16384,9,2,0,16384,14365,13601.5,17606.5,12
172,2,1,LayerNorm2,1x1,1x1,2,2,0,16384,2,2,0,16384,14365,13585.5,17606.5,55
173,2,1,Boot_LN2_final,1x1,1x1,9,2,0,16384,9,2,0,16384,14365,13601.5,17606.5,12
174,3,0,dropLevel_tokens,1x1,1x1,4,1,0,16384,4,1,0,16384,14365,13578.5,17606.5,0
175,3,0,PCMM_K,1x1,1x1,4,1,0,16384,1,1,0,16384,14365,13586.5,17606.5,13
176,3,0,PCMM_Q,1x1,1x1,4,1,0,16384,1,1,0,16384,14365,13586.5,17606.5,12
177,3,0,PCMM_V,1x1,1x1,4,1,0,16384,1,1,0,16384,14365,13586.5,17606.5,12
178,3,0,Boot_Q,1x1,1x1,9,2,0,16384,9,2,0,16384,14365,13586.5,17606.5,13
179,3,0,Boot_K,1x1,1x1,9,2,0,16384,9,2,0,16384,14365,13586.5,17606.5,12
180,3,0,Boot_V,1x1,1x1,9,2,0,16384,9,2,0,16384,14365,13586.5,17606.5,12
181,3,0,CCMM_QKT1,1x1,1x1,5,2,0,16384,2,2,0,16384,14365,13586.5,17606.5,20
182,3,0,CCMM_QKT2,1x1,1x1,5,2,0,16384,2,2,0,16384,14365,13586.5,17606.5,18
183,3,0,Boot_QKT1_pre_softmax,1x1,1x1,9,2,0,16384,9,2,0,16384,14365,13630,17606.5,12
184,3,0,Softmax_QKT1,1x1,1x1,9,2,0,16384,9,2,0,16384,14365,13622,17606.5,330
185,3,0,Boot_QKT2_pre_softmax,1x1,1x1,9,2,0,16384,9,2,0,16384,14365,13630,17606.5,12
186,3,0,Softmax_QKT2,1x1,1x1,9,2,0,16384,9,2,0,16384,14365,13622,17606.5,329
187,3,0,CCMM_Sm_V1,1x1,1x1,5,2,0,16384,2,2,0,16384,14365,13622,17606.5,17
188,3,0,CCMM_Sm_V2,1x1,1x1,5,2,0,16384,2,2,0,16384,14365,13622,17606.5,19
189,3,0,Boot_Sm_V,1x1,1x1,9,2,0,16384,9,2,0,16384,14365,13682.5,17606.5,12
190,3,0,PCMM_Output,1x1,1x1,4,1,0,16384,1,1,0,16384,14365,13682.5,17606.5,12
191,3,0,Residual_Add1,1x1,1x1,1,1,0,16384,1,1,0,16384,14365,13682.5,17606.5,0
192,3,0,Boot_Residual1,1x1,1x1,9,2,0,16384,9,2,0,16384,14365,13682.5,17606.5,12
193,3,0,LayerNorm1,1x1,1x1,2,2,0,16384,2,2,0,16384,14365,13666.5,17606.5,62
194,3,0,Boot_LN1,1x1,1x1,9,2,0,16384,9,2,0,16384,14365,13682.5,17606.5,12
195,3,0,PCMM_Up,1x1,1x4,4,1,0,16384,1,1,0,16384,14365,13682.5,17606.5,57
196,3,0,Boot_pre_GELU,1x4,1x4,9,2,0,16384,9,2,0,16384,14365,13682.5,17606.5,78
197,3,0,GELU,1x4,1x4,9,2,0,16384,9,2,0,16384,14365,13682.5,17606.5,168
198,3,0,PCMM_Down,1x4,1x1,4,1,0,16384,1,1,0,16384,14365,13682.5,17606.5,116
199,3,0,Residual_Add2,1x1,1x1,1,1,0,16384,1,1,0,16384,14365,13682.5,17606.5,0
200,3,0,Boot_pre_LN2,1x1,1x1,9,2,0,16384,9,2,0,16384,14365,13683.5,17606.5,11
201,3,0,LayerNorm2,1x1,1x1,2,2,0,16384,2,2,0,16384,14365,13667.5,17606.5,61
202,3,0,Boot_LN2_final,1x1,1x1,9,2,0,16384,9,2,0,16384,14365,13683.5,17606.5,12
203,3,1,dropLevel_tokens,1x1,1x1,4,1,0,16384,4,1,0,16384,14365,13676.5,17606.5,0
204,3,1,PCMM_K,1x1,1x1,4,1,0,16384,1,1,0,16384,14365,13676.5,17606.5,12
205,3,1,PCMM_Q,1x1,1x1,4,1,0,16384,1,1,0,16384,14365,13676.5,17606.5,11
206,3,1,PCMM_V,1x1,1x1,4,1,0,16384,1,1,0,16384,14365,13676.5,17606.5,11
207,3,1,Boot_Q,1x1,1x1,9,2,0,16384,9,2,0,16384,14365,13676.5,17606.5,12
208,3,1,Boot_K,1x1,1x1,9,2,0,16384,9,2,0,16384,14365,13676.5,17606.5,11
209,3,1,Boot_V,1x1,1x1,9,2,0,16384,9,2,0,16384,14365,13676.5,17606.5,12
210,3,1,CCMM_QKT1,1x1,1x1,5,2,0,16384,2,2,0,16384,14365,13676.5,17606.5,18
211,3,1,CCMM_QKT2,1x1,1x1,5,2,0,16384,2,2,0,16384,14365,13676.5,17606.5,17
212,3,1,Boot_QKT1_pre_softmax,1x1,1x1,9,2,0,16384,9,2,0,16384,14365,13721,17606.5,12
213,3,1,Softmax_QKT1,1x1,1x1,9,2,0,16384,9,2,0,16384,14365,13713,17606.5,328
214,3,1,Boot_QKT2_pre_softmax,1x1,1x1,9,2,0,16384,9,2,0,16384,14365,13722,17606.5,12
215,3,1,Softmax_QKT2,1x1,1x1,9,2,0,16384,9,2,0,16384,14365,13714,17606.5,333
216,3,1,CCMM_Sm_V1,1x1,1x1,5,2,0,16384,2,2,0,16384,14365,13714,17606.5,17
217,3,1,CCMM_Sm_V2,1x1,1x1,5,2,0,16384,2,2,0,16384,14365,13714,17606.5,18
218,3,1,Boot_Sm_V,1x1,1x1,9,2,0,16384,9,2,0,16384,14365,13765.5,17606.5,13
219,3,1,PCMM_Output,1x1,1x1,4,1,0,16384,1,1,0,16384,14365,13765.5,17606.5,12
220,3,1,Residual_Add1,1x1,1x1,1,1,0,16384,1,1,0,16384,14365,13765.5,17606.5,0
221,3,1,Boot_Residual1,1x1,1x1,9,2,0,16384,9,2,0,16384,14365,13765.5,17606.5,12
222,3,1,LayerNorm1,1x1,1x1,2,2,0,16384,2,2,0,16384,14365,13749.5,17606.5,62
223,3,1,Boot_LN1,1x1,1x1,9,2,0,16384,9,2,0,16384,14365,13765.5,17606.5,12
224,3,1,PCMM_Up,1x1,1x4,4,1,0,16384,1,1,0,16384,14365,13765.5,17606.5,85
225,3,1,Boot_pre_GELU,1x4,1x4,9,2,0,16384,9,2,0,16384,14365,13765.5,17606.5,70
226,3,1,GELU,1x4,1x4,9,2,0,16384,9,2,0,16384,14365,13765.5,17606.5,173
227,3,1,PCMM_Down,1x4,1x1,4,1,0,16384,1,1,0,16384,14365,13765.5,17606.5,75
228,3,1,Residual_Add2,1x1,1x1,1,1,0,16384,1,1,0,16384,14365,13765.5,17606.5,0
229,3,1,Boot_pre_LN2,1x1,1x1,9,2,0,16384,9,2,0,16384,14365,13766.5,17606.5,12
230,3,1,LayerNorm2,1x1,1x1,2,2,0,16384,2,2,0,16384,14365,13750.5,17606.5,59
231,3,1,Boot_LN2_final,1x1,1x1,9,2,0,16384,9,2,0,16384,14365,13766.5,17606.5,12
232,4,0,dropLevel_tokens,1x1,1x1,4,1,0,16384,4,1,0,16384,14365,13743.5,17606.5,0
233,4,0,PCMM_K,1x1,1x1,4,1,0,16384,1,1,0,16384,14365,13751.5,17606.5,14
234,4,0,PCMM_Q,1x1,1x1,4,1,0,16384,1,1,0,16384,14365,13751.5,17606.5,11
235,4,0,PCMM_V,1x1,1x1,4,1,0,16384,1,1,0,16384,14365,13751.5,17606.5,11
236,4,0,Boot_Q,1x1,1x1,9,2,0,16384,9,2,0,16384,14365,13751.5,17606.5,12
237,4,0,Boot_K,1x1,1x1,9,2,0,16384,9,2,0,16384,14365,13751.5,17606.5,12
238,4,0,Boot_V,1x1,1x1,9,2,0,16384,9,2,0,16384,14365,13751.5,17606.5,12
239,4,0,CCMM_QKT1,1x1,1x1,5,2,0,16384,2,2,0,16384,14365,13751.5,17606.5,18
240,4,0,CCMM_QKT2,1x1,1x1,5,2,0,16384,2,2,0,16384,14365,13751.5,17606.5,17
241,4,0,Boot_QKT1_pre_softmax,1x1,1x1,9,2,0,16384,9,2,0,16384,14365,13755,17606.5,12
242,4,0,Softmax_QKT1,1x1,1x1,9,2,0,16384,9,2,0,16384,14365,13747,17606.5,338
243,4,0,Boot_QKT2_pre_softmax,1x1,1x1,9,2,0,16384,9,2,0,16384,14365,13755,17606.5,13
244,4,0,Softmax_QKT2,1x1,1x1,9,2,0,16384,9,2,0,16384,14365,13747,17606.5,348
245,4,0,CCMM_Sm_V1,1x1,1x1,5,2,0,16384,2,2,0,16384,14365,13747,17606.5,18
246,4,0,CCMM_Sm_V2,1x1,1x1,5,2,0,16384,2,2,0,16384,14365,13747,17606.5,17
247,4,0,Boot_Sm_V,1x1,1x1,9,2,0,16384,9,2,0,16384,14365,13807.5,17606.5,13
248,4,0,PCMM_Output,1x1,1x1,4,1,0,16384,1,1,0,16384,14365,13807.5,17606.5,11
249,4,0,Residual_Add1,1x1,1x1,1,1,0,16384,1,1,0,16384,14365,13807.5,17606.5,0
250,4,0,Boot_Residual1,1x1,1x1,9,2,0,16384,9,2,0,16384,14365,13807.5,17606.5,12
251,4,0,LayerNorm1,1x1,1x1,2,2,0,16384,2,2,0,16384,14365,13791.5,17606.5,66
252,4,0,Boot_LN1,1x1,1x1,9,2,0,16384,9,2,0,16384,14365,13807.5,17606.5,13
253,4,0,PCMM_Up,1x1,1x4,4,1,0,16384,1,1,0,16384,14365,13807.5,17606.5,79
254,4,0,Boot_pre_GELU,1x4,1x4,9,2,0,16384,9,2,0,16384,14365,13807.5,17606.5,75
255,4,0,GELU,1x4,1x4,9,2,0,16384,9,2,0,16384,14365,13807.5,17606.5,173
256,4,0,PCMM_Down,1x4,1x1,4,1,0,16384,1,1,0,16384,14365,13807.5,17606.5,77
257,4,0,Residual_Add2,1x1,1x1,1,1,0,16384,1,1,0,16384,14365,13807.5,17606.5,0
258,4,0,Boot_pre_LN2,1x1,1x1,9,2,0,16384,9,2,0,16384,14365,13808.5,17606.5,12
259,4,0,LayerNorm2,1x1,1x1,2,2,0,16384,2,2,0,16384,14365,13792.5,17606.5,59
260,4,0,Boot_LN2_final,1x1,1x1,9,2,0,16384,9,2,0,16384,14365,13808.5,17606.5,12
261,4,1,dropLevel_tokens,1x1,1x1,4,1,0,16384,4,1,0,16384,14365,13801.5,17606.5,0
262,4,1,PCMM_K,1x1,1x1,4,1,0,16384,1,1,0,16384,14365,13801.5,17606.5,11
263,4,1,PCMM_Q,1x1,1x1,4,1,0,16384,1,1,0,16384,14365,13801.5,17606.5,11
264,4,1,PCMM_V,1x1,1x1,4,1,0,16384,1,1,0,16384,14365,13801.5,17606.5,11
265,4,1,Boot_Q,1x1,1x1,9,2,0,16384,9,2,0,16384,14365,13801.5,17606.5,12
266,4,1,Boot_K,1x1,1x1,9,2,0,16384,9,2,0,16384,14365,13801.5,17606.5,12
267,4,1,Boot_V,1x1,1x1,9,2,0,16384,9,2,0,16384,14365,13801.5,17606.5,12
268,4,1,CCMM_QKT1,1x1,1x1,5,2,0,16384,2,2,0,16384,14365,13801.5,17606.5,17
269,4,1,CCMM_QKT2,1x1,1x1,5,2,0,16384,2,2,0,16384,14365,13801.5,17606.5,17
270,4,1,Boot_QKT1_pre_softmax,1x1,1x1,9,2,0,16384,9,2,0,16384,14365,13806,17606.5,12
271,4,1,Softmax_QKT1,1x1,1x1,9,2,0,16384,9,2,0,16384,14365,13798,17606.5,335
272,4,1,Boot_QKT2_pre_softmax,1x1,1x1,9,2,0,16384,9,2,0,16384,14365,13807,17606.5,13
273,4,1,Softmax_QKT2,1x1,1x1,9,2,0,16384,9,2,0,16384,14365,13799,17606.5,324
274,4,1,CCMM_Sm_V1,1x1,1x1,5,2,0,16384,2,2,0,16384,14365,13799,17606.5,17
275,4,1,CCMM_Sm_V2,1x1,1x1,5,2,0,16384,2,2,0,16384,14365,13799,17606.5,18
276,4,1,Boot_Sm_V,1x1,1x1,9,2,0,16384,9,2,0,16384,14365,13830.5,17606.5,12
277,4,1,PCMM_Output,1x1,1x1,4,1,0,16384,1,1,0,16384,14365,13830.5,17606.5,11
278,4,1,Residual_Add1,1x1,1x1,1,1,0,16384,1,1,0,16384,14365,13830.5,17606.5,0
279,4,1,Boot_Residual1,1x1,1x1,9,2,0,16384,9,2,0,16384,14365,13830.5,17606.5,11
280,4,1,LayerNorm1,1x1,1x1,2,2,0,16384,2,2,0,16384,14365,13814.5,17606.5,51
281,4,1,Boot_LN1,1x1,1x1,9,2,0,16384,9,2,0,16384,14365,13830.5,17606.5,12
282,4,1,PCMM_Up,1x1,1x4,4,1,0,16384,1,1,0,16384,14365,13830.5,17606.5,63
283,4,1,Boot_pre_GELU,1x4,1x4,9,2,0,16384,9,2,0,16384,14365,13830.5,17606.5,72
284,4,1,GELU,1x4,1x4,9,2,0,16384,9,2,0,16384,14365,13830.5,17606.5,167
285,4,1,PCMM_Down,1x4,1x1,4,1,0,16384,1,1,0,16384,14365,13830.5,17606.5,87
286,4,1,Residual_Add2,1x1,1x1,1,1,0,16384,1,1,0,16384,14365,13830.5,17606.5,0
287,4,1,Boot_pre_LN2,1x1,1x1,9,2,0,16384,9,2,0,16384,14365,13831.5,17606.5,12
288,4,1,LayerNorm2,1x1,1x1,2,2,0,16384,2,2,0,16384,14365,13815.5,17606.5,57
289,4,1,Boot_LN2_final,1x1,1x1,9,2,0,16384,9,2,0,16384,14365,13831.5,17606.5,12
290,5,0,dropLevel_tokens,1x1,1x1,4,1,0,16384,4,1,0,16384,14365,13808.5,17606.5,0
291,5,0,PCMM_K,1x1,1x1,4,1,0,16384,1,1,0,16384,14365,13816.5,17606.5,13
292,5,0,PCMM_Q,1x1,1x1,4,1,0,16384,1,1,0,16384,14365,13816.5,17606.5,11
293,5,0,PCMM_V,1x1,1x1,4,1,0,16384,1,1,0,16384,14365,13816.5,17606.5,11
294,5,0,Boot_Q,1x1,1x1,9,2,0,16384,9,2,0,16384,14365,13816.5,17606.5,13
295,5,0,Boot_K,1x1,1x1,9,2,0,16384,9,2,0,16384,14365,13816.5,17606.5,12
296,5,0,Boot_V,1x1,1x1,9,2,0,16384,9,2,0,16384,14365,13816.5,17606.5,12
297,5,0,CCMM_QKT1,1x1,1x1,5,2,0,16384,2,2,0,16384,14365,13816.5,17606.5,17
298,5,0,CCMM_QKT2,1x1,1x1,5,2,0,16384,2,2,0,16384,14365,13816.5,17606.5,17
299,5,0,Boot_QKT1_pre_softmax,1x1,1x1,9,2,0,16384,9,2,0,16384,14365,13820,17606.5,13
300,5,0,Softmax_QKT1,1x1,1x1,9,2,0,16384,9,2,0,16384,14365,13812,17606.5,325
301,5,0,Boot_QKT2_pre_softmax,1x1,1x1,9,2,0,16384,9,2,0,16384,14365,13820,17606.5,13
302,5,0,Softmax_QKT2,1x1,1x1,9,2,0,16384,9,2,0,16384,14365,13812,17606.5,330
303,5,0,CCMM_Sm_V1,1x1,1x1,5,2,0,16384,2,2,0,16384,14365,13812,17606.5,18
304,5,0,CCMM_Sm_V2,1x1,1x1,5,2,0,16384,2,2,0,16384,14365,13812,17606.5,17
305,5,0,Boot_Sm_V,1x1,1x1,9,2,0,16384,9,2,0,16384,14365,13832.5,17606.5,12
306,5,0,PCMM_Output,1x1,1x1,4,1,0,16384,1,1,0,16384,14365,13832.5,17606.5,12
307,5,0,Residual_Add1,1x1,1x1,1,1,0,16384,1,1,0,16384,14365,13832.5,17606.5,0
308,5,0,Boot_Residual1,1x1,1x1,9,2,0,16384,9,2,0,16384,14365,13832.5,17606.5,12
309,5,0,LayerNorm1,1x1,1x1,2,2,0,16384,2,2,0,16384,14365,13816.5,17606.5,56
310,5,0,Boot_LN1,1x1,1x1,9,2,0,16384,9,2,0,16384,14365,13832.5,17606.5,12
311,5,0,PCMM_Up,1x1,1x4,4,1,0,16384,1,1,0,16384,14365,13832.5,17606.5,63
312,5,0,Boot_pre_GELU,1x4,1x4,9,2,0,16384,9,2,0,16384,14365,13832.5,17606.5,82
313,5,0,GELU,1x4,1x4,9,2,0,16384,9,2,0,16384,14365,13832.5,17606.5,168
314,5,0,PCMM_Down,1x4,1x1,4,1,0,16384,1,1,0,16384,14365,13832.5,17606.5,123
315,5,0,Residual_Add2,1x1,1x1,1,1,0,16384,1,1,0,16384,14365,13832.5,17606.5,0
316,5,0,Boot_pre_LN2,1x1,1x1,9,2,0,16384,9,2,0,16384,14365,13833.5,17606.5,12
317,5,0,LayerNorm2,1x1,1x1,2,2,0,16384,2,2,0,16384,14365,13817.5,17606.5,67
318,5,0,Boot_LN2_final,1x1,1x1,9,2,0,16384,9,2,0,16384,14365,13833.5,17606.5,12
319,5,1,dropLevel_tokens,1x1,1x1,4,1,0,16384,4,1,0,16384,14365,13826.5,17606.5,0
320,5,1,PCMM_K,1x1,1x1,4,1,0,16384,1,1,0,16384,14365,13826.5,17606.5,12
321,5,1,PCMM_Q,1x1,1x1,4,1,0,16384,1,1,0,16384,14365,13826.5,17606.5,11
322,5,1,PCMM_V,1x1,1x1,4,1,0,16384,1,1,0,16384,14365,13826.5,17606.5,11
323,5,1,Boot_Q,1x1,1x1,9,2,0,16384,9,2,0,16384,14365,13826.5,17606.5,12
324,5,1,Boot_K,1x1,1x1,9,2,0,16384,9,2,0,16384,14365,13826.5,17606.5,12
325,5,1,Boot_V,1x1,1x1,9,2,0,16384,9,2,0,16384,14365,13826.5,17606.5,12
326,5,1,CCMM_QKT1,1x1,1x1,5,2,0,16384,2,2,0,16384,14365,13826.5,17606.5,18
327,5,1,CCMM_QKT2,1x1,1x1,5,2,0,16384,2,2,0,16384,14365,13826.5,17606.5,18
328,5,1,Boot_QKT1_pre_softmax,1x1,1x1,9,2,0,16384,9,2,0,16384,14365,13831,17606.5,13
329,5,1,Softmax_QKT1,1x1,1x1,9,2,0,16384,9,2,0,16384,14365,13823,17606.5,320
330,5,1,Boot_QKT2_pre_softmax,1x1,1x1,9,2,0,16384,9,2,0,16384,14365,13832,17606.5,13
331,5,1,Softmax_QKT2,1x1,1x1,9,2,0,16384,9,2,0,16384,14365,13824,17606.5,321
332,5,1,CCMM_Sm_V1,1x1,1x1,5,2,0,16384,2,2,0,16384,14365,13824,17606.5,17
333,5,1,CCMM_Sm_V2,1x1,1x1,5,2,0,16384,2,2,0,16384,14365,13824,17606.5,17
334,5,1,Boot_Sm_V,1x1,1x1,9,2,0,16384,9,2,0,16384,14365,13835.5,17606.5,12
335,5,1,PCMM_Output,1x1,1x1,4,1,0,16384,1,1,0,16384,14365,13835.5,17606.5,12
336,5,1,Residual_Add1,1x1,1x1,1,1,0,16384,1,1,0,16384,14365,13835.5,17606.5,0
337,5,1,Boot_Residual1,1x1,1x1,9,2,0,16384,9,2,0,16384,14365,13835.5,17606.5,12
338,5,1,LayerNorm1,1x1,1x1,2,2,0,16384,2,2,0,16384,14365,13819.5,17606.5,60
339,5,1,Boot_LN1,1x1,1x1,9,2,0,16384,9,2,0,16384,14365,13835.5,17606.5,13
340,5,1,PCMM_Up,1x1,1x4,4,1,0,16384,1,1,0,16384,14365,13835.5,17606.5,71
341,5,1,Boot_pre_GELU,1x4,1x4,9,2,0,16384,9,2,0,16384,14365,13835.5,17606.5,79
342,5,1,GELU,1x4,1x4,9,2,0,16384,9,2,0,16384,14365,13835.5,17606.5,172
343,5,1,PCMM_Down,1x4,1x1,4,1,0,16384,1,1,0,16384,14365,13835.5,17606.5,78
344,5,1,Residual_Add2,1x1,1x1,1,1,0,16384,1,1,0,16384,14365,13835.5,17606.5,0
345,5,1,Boot_pre_LN2,1x1,1x1,9,2,0,16384,9,2,0,16384,14365,13836.5,17606.5,12
346,5,1,LayerNorm2,1x1,1x1,2,2,0,16384,2,2,0,16384,14365,13820.5,17606.5,53
347,5,1,Boot_LN2_final,1x1,1x1,9,2,0,16384,9,2,0,16384,14365,13836.5,17606.5,12
